Beam,2018-12-21,2415
Spark,2018-12-21,19959
Flink,2018-12-21,5389
Storm,2018-12-21,5469
Hadoop,2018-12-21,8364
Samza,2018-12-21,500
Apex,2018-12-21,7465
Kafka,2018-12-21,10545
Hive,2018-12-21,2270
HBase,2018-12-21,2440
Beam,2018-12-22,2417
Spark,2018-12-22,19969
Flink,2018-12-22,5414
Storm,2018-12-22,5471
Hadoop,2018-12-22,8369
Samza,2018-12-22,500
Apex,2018-12-22,7465
Kafka,2018-12-22,10558
Hive,2018-12-22,2271
HBase,2018-12-22,2440
Beam,2018-12-23,2419
Spark,2018-12-23,19976
Flink,2018-12-23,5425
Storm,2018-12-23,5471
Hadoop,2018-12-23,8371
Samza,2018-12-23,500
Apex,2018-12-23,7467
Kafka,2018-12-23,10576
Hive,2018-12-23,2272
HBase,2018-12-23,2440
Beam,2018-12-24,2420
Spark,2018-12-24,19979
Flink,2018-12-24,5434
Storm,2018-12-24,5472
Hadoop,2018-12-24,8372
Samza,2018-12-24,500
Apex,2018-12-24,7468
Kafka,2018-12-24,10585
Hive,2018-12-24,2273
HBase,2018-12-24,2441
Beam,2018-12-25,2421
Spark,2018-12-25,19989
Flink,2018-12-25,5451
Storm,2018-12-25,5475
Hadoop,2018-12-25,8374
Samza,2018-12-25,500
Apex,2018-12-25,7468
Kafka,2018-12-25,10592
Hive,2018-12-25,2273
HBase,2018-12-25,2442
Beam,2018-12-26,2422
Spark,2018-12-26,20007
Flink,2018-12-26,5462
Storm,2018-12-26,5476
Hadoop,2018-12-26,8376
Samza,2018-12-26,501
Apex,2018-12-26,7470
Kafka,2018-12-26,10602
Hive,2018-12-26,2277
HBase,2018-12-26,2445
Beam,2018-12-27,2426
Spark,2018-12-27,20018
Flink,2018-12-27,5480
Storm,2018-12-27,5479
Hadoop,2018-12-27,8381
Samza,2018-12-27,501
Apex,2018-12-27,7473
Kafka,2018-12-27,10618
Hive,2018-12-27,2277
HBase,2018-12-27,2447
Beam,2018-12-28,2428
Spark,2018-12-28,20038
Flink,2018-12-28,5498
Storm,2018-12-28,5480
Hadoop,2018-12-28,8388
Samza,2018-12-28,501
Apex,2018-12-28,7475
Kafka,2018-12-28,10629
Hive,2018-12-28,2280
HBase,2018-12-28,2453
Beam,2018-12-29,2429
Spark,2018-12-29,20057
Flink,2018-12-29,5512
Storm,2018-12-29,5482
Hadoop,2018-12-29,8391
Samza,2018-12-29,502
Apex,2018-12-29,7477
Kafka,2018-12-29,10635
Hive,2018-12-29,2281
HBase,2018-12-29,2455
Beam,2018-12-30,2429
Spark,2018-12-30,20061
Flink,2018-12-30,5524
Storm,2018-12-30,5482
Hadoop,2018-12-30,8391
Samza,2018-12-30,502
Apex,2018-12-30,7478
Kafka,2018-12-30,10639
Hive,2018-12-30,2282
HBase,2018-12-30,2458
Beam,2018-12-31,2430
Spark,2018-12-31,20068
Flink,2018-12-31,5527
Storm,2018-12-31,5481
Hadoop,2018-12-31,8391
Samza,2018-12-31,502
Apex,2018-12-31,7480
Kafka,2018-12-31,10644
Hive,2018-12-31,2281
HBase,2018-12-31,2460
Beam,2019-01-01,2431
Spark,2019-01-01,20073
Flink,2019-01-01,5528
Storm,2019-01-01,5481
Hadoop,2019-01-01,8390
Samza,2019-01-01,502
Apex,2019-01-01,7481
Kafka,2019-01-01,10648
Hive,2019-01-01,2281
HBase,2019-01-01,2460
Beam,2019-01-02,2431
Spark,2019-01-02,20082
Flink,2019-01-02,5532
Storm,2019-01-02,5481
Hadoop,2019-01-02,8394
Samza,2019-01-02,503
Apex,2019-01-02,7481
Kafka,2019-01-02,10651
Hive,2019-01-02,2283
HBase,2019-01-02,2463
Beam,2019-01-03,2432
Spark,2019-01-03,20094
Flink,2019-01-03,5561
Storm,2019-01-03,5483
Hadoop,2019-01-03,8397
Samza,2019-01-03,503
Apex,2019-01-03,7484
Kafka,2019-01-03,10658
Hive,2019-01-03,2289
HBase,2019-01-03,2466
Beam,2019-01-04,2437
Spark,2019-01-04,20101
Flink,2019-01-04,5579
Storm,2019-01-04,5485
Hadoop,2019-01-04,8399
Samza,2019-01-04,503
Apex,2019-01-04,7484
Kafka,2019-01-04,10667
Hive,2019-01-04,2291
HBase,2019-01-04,2470
Beam,2019-01-05,2439
Spark,2019-01-05,20110
Flink,2019-01-05,5593
Storm,2019-01-05,5483
Hadoop,2019-01-05,8405
Samza,2019-01-05,503
Apex,2019-01-05,7484
Kafka,2019-01-05,10680
Hive,2019-01-05,2292
HBase,2019-01-05,2471
Beam,2019-01-06,2439
Spark,2019-01-06,20121
Flink,2019-01-06,5600
Storm,2019-01-06,5484
Hadoop,2019-01-06,8411
Samza,2019-01-06,503
Apex,2019-01-06,7484
Kafka,2019-01-06,10687
Hive,2019-01-06,2295
HBase,2019-01-06,2473
Beam,2019-01-07,2440
Spark,2019-01-07,20127
Flink,2019-01-07,5608
Storm,2019-01-07,5484
Hadoop,2019-01-07,8416
Samza,2019-01-07,503
Apex,2019-01-07,7486
Kafka,2019-01-07,10688
Hive,2019-01-07,2296
HBase,2019-01-07,2476
Beam,2019-01-08,2441
Spark,2019-01-08,20141
Flink,2019-01-08,5621
Storm,2019-01-08,5485
Hadoop,2019-01-08,8419
Samza,2019-01-08,504
Apex,2019-01-08,7487
Kafka,2019-01-08,10698
Hive,2019-01-08,2297
HBase,2019-01-08,2477
Beam,2019-01-09,2444
Spark,2019-01-09,20161
Flink,2019-01-09,5685
Storm,2019-01-09,5485
Hadoop,2019-01-09,8424
Samza,2019-01-09,505
Apex,2019-01-09,7488
Kafka,2019-01-09,10707
Hive,2019-01-09,2301
HBase,2019-01-09,2478
Beam,2019-01-10,2450
Spark,2019-01-10,20190
Flink,2019-01-10,5733
Storm,2019-01-10,5491
Hadoop,2019-01-10,8432
Samza,2019-01-10,505
Apex,2019-01-10,7488
Kafka,2019-01-10,10729
Hive,2019-01-10,2304
HBase,2019-01-10,2483
Beam,2019-01-11,2453
Spark,2019-01-11,20207
Flink,2019-01-11,5758
Storm,2019-01-11,5494
Hadoop,2019-01-11,8438
Samza,2019-01-11,505
Apex,2019-01-11,7495
Kafka,2019-01-11,10747
Hive,2019-01-11,2309
HBase,2019-01-11,2486
Beam,2019-01-12,2458
Spark,2019-01-12,20222
Flink,2019-01-12,5777
Storm,2019-01-12,5495
Hadoop,2019-01-12,8441
Samza,2019-01-12,506
Apex,2019-01-12,7499
Kafka,2019-01-12,10759
Hive,2019-01-12,2310
HBase,2019-01-12,2489
Beam,2019-01-13,2459
Spark,2019-01-13,20229
Flink,2019-01-13,5789
Storm,2019-01-13,5496
Hadoop,2019-01-13,8442
Samza,2019-01-13,506
Apex,2019-01-13,7500
Kafka,2019-01-13,10768
Hive,2019-01-13,2311
HBase,2019-01-13,2490
Beam,2019-01-14,2465
Spark,2019-01-14,20240
Flink,2019-01-14,5809
Storm,2019-01-14,5498
Hadoop,2019-01-14,8447
Samza,2019-01-14,506
Apex,2019-01-14,7502
Kafka,2019-01-14,10773
Hive,2019-01-14,2312
HBase,2019-01-14,2493
Beam,2019-01-15,2466
Spark,2019-01-15,20249
Flink,2019-01-15,5822
Storm,2019-01-15,5501
Hadoop,2019-01-15,8446
Samza,2019-01-15,507
Apex,2019-01-15,7503
Kafka,2019-01-15,10782
Hive,2019-01-15,2314
HBase,2019-01-15,2497
Beam,2019-01-16,2468
Spark,2019-01-16,20254
Flink,2019-01-16,5847
Storm,2019-01-16,5503
Hadoop,2019-01-16,8450
Samza,2019-01-16,507
Apex,2019-01-16,7506
Kafka,2019-01-16,10797
Hive,2019-01-16,2316
HBase,2019-01-16,2500
Beam,2019-01-17,2473
Spark,2019-01-17,20270
Flink,2019-01-17,5860
Storm,2019-01-17,5509
Hadoop,2019-01-17,8454
Samza,2019-01-17,507
Apex,2019-01-17,7507
Kafka,2019-01-17,10807
Hive,2019-01-17,2321
HBase,2019-01-17,2506
Beam,2019-01-18,2478
Spark,2019-01-18,20281
Flink,2019-01-18,5886
Storm,2019-01-18,5508
Hadoop,2019-01-18,8460
Samza,2019-01-18,507
Apex,2019-01-18,7510
Kafka,2019-01-18,10822
Hive,2019-01-18,2323
HBase,2019-01-18,2508
Beam,2019-01-19,2481
Spark,2019-01-19,20291
Flink,2019-01-19,5909
Storm,2019-01-19,5509
Hadoop,2019-01-19,8472
Samza,2019-01-19,507
Apex,2019-01-19,7513
Kafka,2019-01-19,10834
Hive,2019-01-19,2325
HBase,2019-01-19,2510
Beam,2019-01-20,2486
Spark,2019-01-20,20301
Flink,2019-01-20,5915
Storm,2019-01-20,5510
Hadoop,2019-01-20,8474
Samza,2019-01-20,507
Apex,2019-01-20,7512
Kafka,2019-01-20,10840
Hive,2019-01-20,2325
HBase,2019-01-20,2510
Beam,2019-01-21,2488
Spark,2019-01-21,20314
Flink,2019-01-21,5919
Storm,2019-01-21,5511
Hadoop,2019-01-21,8479
Samza,2019-01-21,507
Apex,2019-01-21,7510
Kafka,2019-01-21,10852
Hive,2019-01-21,2327
HBase,2019-01-21,2514
Beam,2019-01-22,2490
Spark,2019-01-22,20321
Flink,2019-01-22,5932
Storm,2019-01-22,5512
Hadoop,2019-01-22,8483
Samza,2019-01-22,508
Apex,2019-01-22,7510
Kafka,2019-01-22,10866
Hive,2019-01-22,2328
HBase,2019-01-22,2514
Beam,2019-01-23,2491
Spark,2019-01-23,20334
Flink,2019-01-23,5949
Storm,2019-01-23,5514
Hadoop,2019-01-23,8485
Samza,2019-01-23,509
Apex,2019-01-23,7514
Kafka,2019-01-23,10890
Hive,2019-01-23,2328
HBase,2019-01-23,2518
Beam,2019-01-24,2494
Spark,2019-01-24,20348
Flink,2019-01-24,5960
Storm,2019-01-24,5520
Hadoop,2019-01-24,8490
Samza,2019-01-24,509
Apex,2019-01-24,7518
Kafka,2019-01-24,10904
Hive,2019-01-24,2328
HBase,2019-01-24,2520
Beam,2019-01-25,2497
Spark,2019-01-25,20366
Flink,2019-01-25,5980
Storm,2019-01-25,5523
Hadoop,2019-01-25,8495
Samza,2019-01-25,509
Apex,2019-01-25,7519
Kafka,2019-01-25,10924
Hive,2019-01-25,2330
HBase,2019-01-25,2521
Beam,2019-01-26,2498
Spark,2019-01-26,20381
Flink,2019-01-26,5991
Storm,2019-01-26,5525
Hadoop,2019-01-26,8504
Samza,2019-01-26,509
Apex,2019-01-26,7520
Kafka,2019-01-26,10936
Hive,2019-01-26,2330
HBase,2019-01-26,2523
